{
  "schema_name": "DoclingDocument",
  "version": "1.10.0",
  "name": "index",
  "texts": [
    {
      "self_ref": "#/texts/0",
      "parent": {
        "$ref": "#/body"
      },
      "children": [],
      "content_layer": "furniture",
      "label": "title",
      "prov": [],
      "orig": "Importance of Indoor Air",
      "text": "Importance of Indoor Air"
    },
    {
      "self_ref": "#/texts/1",
      "parent": {
        "$ref": "#/body"
      },
      "children": [],
      "content_layer": "furniture",
      "label": "caption",
      "prov": [],
      "orig": "Daikin",
      "text": "Daikin"
    },
    {
      "self_ref": "#/texts/2",
      "parent": {
        "$ref": "#/body"
      },
      "children": [],
      "content_layer": "furniture",
      "label": "caption",
      "prov": [],
      "orig": "Daikin",
      "text": "Daikin"
    },
    {
      "self_ref": "#/texts/3",
      "parent": {
        "$ref": "#/groups/0"
      },
      "children": [],
      "content_layer": "furniture",
      "label": "list_item",
      "prov": [],
      "orig": "Introduction",
      "text": "Introduction",
      "hyperlink": "#introduction",
      "enumerated": false,
      "marker": ""
    },
    {
      "self_ref": "#/texts/4",
      "parent": {
        "$ref": "#/groups/0"
      },
      "children": [],
      "content_layer": "furniture",
      "label": "list_item",
      "prov": [],
      "orig": "Air Quality Problems",
      "text": "Air Quality Problems",
      "hyperlink": "#air_quality_problems",
      "enumerated": false,
      "marker": ""
    },
    {
      "self_ref": "#/texts/5",
      "parent": {
        "$ref": "#/groups/0"
      },
      "children": [],
      "content_layer": "furniture",
      "label": "list_item",
      "prov": [],
      "orig": "Indoor Air Quality",
      "text": "Indoor Air Quality",
      "hyperlink": "#indoor_air_quality",
      "enumerated": false,
      "marker": ""
    },
    {
      "self_ref": "#/texts/6",
      "parent": {
        "$ref": "#/groups/0"
      },
      "children": [],
      "content_layer": "furniture",
      "label": "list_item",
      "prov": [],
      "orig": "Case Study",
      "text": "Case Study",
      "hyperlink": "#case_study",
      "enumerated": false,
      "marker": ""
    },
    {
      "self_ref": "#/texts/7",
      "parent": {
        "$ref": "#/groups/0"
      },
      "children": [],
      "content_layer": "furniture",
      "label": "list_item",
      "prov": [],
      "orig": "Solutions",
      "text": "Solutions",
      "hyperlink": "#solution",
      "enumerated": false,
      "marker": ""
    },
    {
      "self_ref": "#/texts/8",
      "parent": {
        "$ref": "#/groups/0"
      },
      "children": [],
      "content_layer": "furniture",
      "label": "list_item",
      "prov": [],
      "orig": "Conclusion",
      "text": "Conclusion",
      "hyperlink": "#conclusion",
      "enumerated": false,
      "marker": ""
    },
    {
      "self_ref": "#/texts/9",
      "parent": {
        "$ref": "#/groups/1"
      },
      "children": [
        {
          "$ref": "#/texts/10"
        },
        {
          "$ref": "#/texts/12"
        },
        {
          "$ref": "#/texts/21"
        }
      ],
      "content_layer": "body",
      "label": "section_header",
      "prov": [],
      "orig": "Introduction",
      "text": "Introduction",
      "level": 1
    },
    {
      "self_ref": "#/texts/10",
      "parent": {
        "$ref": "#/texts/9"
      },
      "children": [
        {
          "$ref": "#/texts/11"
        },
        {
          "$ref": "#/pictures/3"
        }
      ],
      "content_layer": "body",
      "label": "section_header",
      "prov": [],
      "orig": "True comfort is invisible — felt only in the air around you.",
      "text": "True comfort is invisible - felt only in the air around you.",
      "level": 2
    },
    {
      "self_ref": "#/texts/11",
      "parent": {
        "$ref": "#/texts/10"
      },
      "children": [],
      "content_layer": "body",
      "label": "text",
      "prov": [],
      "orig": "We refine every detail of temperature, humidity, purity, and flow,",
      "text": "We refine every detail of temperature, humidity, purity, and flow,"
    },
    {
      "self_ref": "#/texts/12",
      "parent": {
        "$ref": "#/texts/9"
      },
      "children": [
        {
          "$ref": "#/texts/13"
        },
        {
          "$ref": "#/texts/14"
        },
        {
          "$ref": "#/texts/15"
        },
        {
          "$ref": "#/texts/16"
        },
        {
          "$ref": "#/texts/17"
        },
        {
          "$ref": "#/texts/18"
        },
        {
          "$ref": "#/texts/19"
        },
        {
          "$ref": "#/texts/20"
        },
        {
          "$ref": "#/pictures/4"
        }
      ],
      "content_layer": "body",
      "label": "section_header",
      "prov": [],
      "orig": "The Importance of Indoor Air",
      "text": "The Importance of Indoor Air",
      "level": 2
    },
    {
      "self_ref": "#/texts/13",
      "parent": {
        "$ref": "#/texts/12"
      },
      "children": [],
      "content_layer": "body",
      "label": "text",
      "prov": [],
      "orig": "We spend more than 80-90% of our time indoors, at home, in the office, or in",
      "text": "We spend more than 80-90% of our time indoors, at home, in the office, or in"
    },
    {
      "self_ref": "#/texts/14",
      "parent": {
        "$ref": "#/texts/12"
      },
      "children": [],
      "content_layer": "body",
      "label": "text",
      "prov": [],
      "orig": "other",
      "text": "other"
    },
    {
      "self_ref": "#/texts/15",
      "parent": {
        "$ref": "#/texts/12"
      },
      "children": [],
      "content_layer": "body",
      "label": "text",
      "prov": [],
      "orig": "enclosed spaces. Every environment where we live, learn, and work is filled with",
      "text": "enclosed spaces. Every environment where we live, learn, and work is filled with"
    },
    {
      "self_ref": "#/texts/16",
      "parent": {
        "$ref": "#/texts/12"
      },
      "children": [],
      "content_layer": "body",
      "label": "text",
      "prov": [],
      "orig": "air",
      "text": "air"
    },
    {
      "self_ref": "#/texts/17",
      "parent": {
        "$ref": "#/texts/12"
      },
      "children": [],
      "content_layer": "body",
      "label": "text",
      "prov": [],
      "orig": "that directly affects our health, comfort, and productivity. On average, each person breathes about 14,400 liters of air every day, making",
      "text": "that directly affects our health, comfort, and productivity. On average, each person breathes about 14,400 liters of air every day, making"
    },
    {
      "self_ref": "#/texts/18",
      "parent": {
        "$ref": "#/texts/12"
      },
      "children": [],
      "content_layer": "body",
      "label": "text",
      "prov": [],
      "orig": "indoor",
      "text": "indoor"
    },
    {
      "self_ref": "#/texts/19",
      "parent": {
        "$ref": "#/texts/12"
      },
      "children": [],
      "content_layer": "body",
      "label": "text",
      "prov": [],
      "orig": "air",
      "text": "air"
    },
    {
      "self_ref": "#/texts/20",
      "parent": {
        "$ref": "#/texts/12"
      },
      "children": [],
      "content_layer": "body",
      "label": "text",
      "prov": [],
      "orig": "quality one of the most essential yet often overlooked aspects of daily life.",
      "text": "quality one of the most essential yet often overlooked aspects of daily life."
    },
    {
      "self_ref": "#/texts/21",
      "parent": {
        "$ref": "#/texts/9"
      },
      "children": [
        {
          "$ref": "#/texts/22"
        },
        {
          "$ref": "#/texts/23"
        },
        {
          "$ref": "#/texts/24"
        },
        {
          "$ref": "#/texts/25"
        },
        {
          "$ref": "#/texts/26"
        },
        {
          "$ref": "#/texts/27"
        },
        {
          "$ref": "#/texts/28"
        },
        {
          "$ref": "#/pictures/5"
        }
      ],
      "content_layer": "body",
      "label": "section_header",
      "prov": [],
      "orig": "The Challenge of Air Quality Control",
      "text": "The Challenge of Air Quality Control",
      "level": 2
    },
    {
      "self_ref": "#/texts/22",
      "parent": {
        "$ref": "#/texts/21"
      },
      "children": [],
      "content_layer": "body",
      "label": "text",
      "prov": [],
      "orig": "Maintaining high-quality indoor air is not easy. Outdoor air entering buildings",
      "text": "Maintaining high-quality indoor air is not easy. Outdoor air entering buildings"
    },
    {
      "self_ref": "#/texts/23",
      "parent": {
        "$ref": "#/texts/21"
      },
      "children": [],
      "content_layer": "body",
      "label": "text",
      "prov": [],
      "orig": "is no",
      "text": "is no"
    },
    {
      "self_ref": "#/texts/24",
      "parent": {
        "$ref": "#/texts/21"
      },
      "children": [],
      "content_layer": "body",
      "label": "text",
      "prov": [],
      "orig": "longer as clean as it once was, and unlike temperature or lighting, air quality",
      "text": "longer as clean as it once was, and unlike temperature or lighting, air quality"
    },
    {
      "self_ref": "#/texts/25",
      "parent": {
        "$ref": "#/texts/21"
      },
      "children": [],
      "content_layer": "body",
      "label": "text",
      "prov": [],
      "orig": "is",
      "text": "is"
    },
    {
      "self_ref": "#/texts/26",
      "parent": {
        "$ref": "#/texts/21"
      },
      "children": [],
      "content_layer": "body",
      "label": "text",
      "prov": [],
      "orig": "invisible and difficult to measure. Finding the right balance between fresh air, comfort, and energy efficiency has",
      "text": "invisible and difficult to measure. Finding the right balance between fresh air, comfort, and energy efficiency has"
    },
    {
      "self_ref": "#/texts/27",
      "parent": {
        "$ref": "#/texts/21"
      },
      "children": [],
      "content_layer": "body",
      "label": "text",
      "prov": [],
      "orig": "become a",
      "text": "become a"
    },
    {
      "self_ref": "#/texts/28",
      "parent": {
        "$ref": "#/texts/21"
      },
      "children": [],
      "content_layer": "body",
      "label": "text",
      "prov": [],
      "orig": "constant challenge for building owners and facility managers.",
      "text": "constant challenge for building owners and facility managers."
    },
    {
      "self_ref": "#/texts/29",
      "parent": {
        "$ref": "#/groups/1"
      },
      "children": [
        {
          "$ref": "#/texts/30"
        },
        {
          "$ref": "#/texts/44"
        },
        {
          "$ref": "#/texts/71"
        }
      ],
      "content_layer": "body",
      "label": "section_header",
      "prov": [],
      "orig": "Air Quality Problems",
      "text": "Air Quality Problems",
      "level": 1
    },
    {
      "self_ref": "#/texts/30",
      "parent": {
        "$ref": "#/texts/29"
      },
      "children": [
        {
          "$ref": "#/texts/31"
        },
        {
          "$ref": "#/texts/32"
        },
        {
          "$ref": "#/texts/33"
        },
        {
          "$ref": "#/texts/34"
        },
        {
          "$ref": "#/texts/35"
        },
        {
          "$ref": "#/texts/36"
        },
        {
          "$ref": "#/texts/37"
        },
        {
          "$ref": "#/texts/38"
        },
        {
          "$ref": "#/texts/39"
        },
        {
          "$ref": "#/texts/40"
        },
        {
          "$ref": "#/texts/41"
        },
        {
          "$ref": "#/texts/42"
        },
        {
          "$ref": "#/texts/43"
        }
      ],
      "content_layer": "body",
      "label": "section_header",
      "prov": [],
      "orig": "They come from both outdoor and indoor sources.",
      "text": "They come from both outdoor and indoor sources.",
      "level": 2
    },
    {
      "self_ref": "#/texts/31",
      "parent": {
        "$ref": "#/texts/30"
      },
      "children": [],
      "content_layer": "body",
      "label": "text",
      "prov": [],
      "orig": "Since people live and work indoors, maintaining good indoor air quality is essential.",
      "text": "Since people live and work indoors, maintaining good indoor air quality is essential."
    },
    {
      "self_ref": "#/texts/32",
      "parent": {
        "$ref": "#/texts/30"
      },
      "children": [],
      "content_layer": "body",
      "label": "text",
      "prov": [],
      "orig": "Outdoor",
      "text": "Outdoor"
    },
    {
      "self_ref": "#/texts/33",
      "parent": {
        "$ref": "#/texts/30"
      },
      "children": [],
      "content_layer": "body",
      "label": "text",
      "prov": [],
      "orig": "air must be properly filtered, cleaned, and conditioned before entering to ensure a",
      "text": "air must be properly filtered, cleaned, and conditioned before entering to ensure a"
    },
    {
      "self_ref": "#/texts/34",
      "parent": {
        "$ref": "#/texts/30"
      },
      "children": [],
      "content_layer": "body",
      "label": "text",
      "prov": [],
      "orig": "healthy",
      "text": "healthy"
    },
    {
      "self_ref": "#/texts/35",
      "parent": {
        "$ref": "#/texts/30"
      },
      "children": [],
      "content_layer": "body",
      "label": "text",
      "prov": [],
      "orig": "and comfortable environment. Properly managed outdoor air helps achieve healthy",
      "text": "and comfortable environment. Properly managed outdoor air helps achieve healthy"
    },
    {
      "self_ref": "#/texts/36",
      "parent": {
        "$ref": "#/texts/30"
      },
      "children": [],
      "content_layer": "body",
      "label": "text",
      "prov": [],
      "orig": "Indoor",
      "text": "Indoor"
    },
    {
      "self_ref": "#/texts/37",
      "parent": {
        "$ref": "#/texts/30"
      },
      "children": [],
      "content_layer": "body",
      "label": "text",
      "prov": [],
      "orig": "Air",
      "text": "Air"
    },
    {
      "self_ref": "#/texts/38",
      "parent": {
        "$ref": "#/texts/30"
      },
      "children": [],
      "content_layer": "body",
      "label": "text",
      "prov": [],
      "orig": "Quality (IAQ) while minimizing the impact on energy efficiency. Without this",
      "text": "Quality (IAQ) while minimizing the impact on energy efficiency. Without this"
    },
    {
      "self_ref": "#/texts/39",
      "parent": {
        "$ref": "#/texts/30"
      },
      "children": [],
      "content_layer": "body",
      "label": "text",
      "prov": [],
      "orig": "process,",
      "text": "process,"
    },
    {
      "self_ref": "#/texts/40",
      "parent": {
        "$ref": "#/texts/30"
      },
      "children": [],
      "content_layer": "body",
      "label": "text",
      "prov": [],
      "orig": "air",
      "text": "air"
    },
    {
      "self_ref": "#/texts/41",
      "parent": {
        "$ref": "#/texts/30"
      },
      "children": [],
      "content_layer": "body",
      "label": "text",
      "prov": [],
      "orig": "would simply leak in through building gaps, bringing excess heat, humidity, and",
      "text": "would simply leak in through building gaps, bringing excess heat, humidity, and"
    },
    {
      "self_ref": "#/texts/42",
      "parent": {
        "$ref": "#/texts/30"
      },
      "children": [],
      "content_layer": "body",
      "label": "text",
      "prov": [],
      "orig": "pollution",
      "text": "pollution"
    },
    {
      "self_ref": "#/texts/43",
      "parent": {
        "$ref": "#/texts/30"
      },
      "children": [],
      "content_layer": "body",
      "label": "text",
      "prov": [],
      "orig": "that compromise both comfort and energy performance.",
      "text": "that compromise both comfort and energy performance."
    },
    {
      "self_ref": "#/texts/44",
      "parent": {
        "$ref": "#/texts/29"
      },
      "children": [
        {
          "$ref": "#/pictures/6"
        },
        {
          "$ref": "#/texts/45"
        },
        {
          "$ref": "#/texts/51"
        },
        {
          "$ref": "#/texts/60"
        },
        {
          "$ref": "#/texts/64"
        }
      ],
      "content_layer": "body",
      "label": "section_header",
      "prov": [],
      "orig": "Internal Problem",
      "text": "Internal Problem",
      "level": 2
    },
    {
      "self_ref": "#/texts/45",
      "parent": {
        "$ref": "#/texts/44"
      },
      "children": [
        {
          "$ref": "#/texts/46"
        },
        {
          "$ref": "#/texts/47"
        },
        {
          "$ref": "#/texts/48"
        },
        {
          "$ref": "#/texts/49"
        },
        {
          "$ref": "#/texts/50"
        },
        {
          "$ref": "#/pictures/7"
        }
      ],
      "content_layer": "body",
      "label": "section_header",
      "prov": [],
      "orig": "CO₂ accumulation indoors",
      "text": "CO₂ accumulation indoors",
      "level": 3
    },
    {
      "self_ref": "#/texts/46",
      "parent": {
        "$ref": "#/texts/45"
      },
      "children": [],
      "content_layer": "body",
      "label": "text",
      "prov": [],
      "orig": "Without sufficient ventilation, CO₂ levels can quickly rise in",
      "text": "Without sufficient ventilation, CO₂ levels can quickly rise in"
    },
    {
      "self_ref": "#/texts/47",
      "parent": {
        "$ref": "#/texts/45"
      },
      "children": [],
      "content_layer": "body",
      "label": "text",
      "prov": [],
      "orig": "classrooms,",
      "text": "classrooms,"
    },
    {
      "self_ref": "#/texts/48",
      "parent": {
        "$ref": "#/texts/45"
      },
      "children": [],
      "content_layer": "body",
      "label": "text",
      "prov": [],
      "orig": "offices, and childcare facilities, leading to fatigue, headaches, and",
      "text": "offices, and childcare facilities, leading to fatigue, headaches, and"
    },
    {
      "self_ref": "#/texts/49",
      "parent": {
        "$ref": "#/texts/45"
      },
      "children": [],
      "content_layer": "body",
      "label": "text",
      "prov": [],
      "orig": "reduced",
      "text": "reduced"
    },
    {
      "self_ref": "#/texts/50",
      "parent": {
        "$ref": "#/texts/45"
      },
      "children": [],
      "content_layer": "body",
      "label": "text",
      "prov": [],
      "orig": "concentration.",
      "text": "concentration."
    },
    {
      "self_ref": "#/texts/51",
      "parent": {
        "$ref": "#/texts/44"
      },
      "children": [
        {
          "$ref": "#/texts/52"
        },
        {
          "$ref": "#/texts/53"
        },
        {
          "$ref": "#/texts/54"
        },
        {
          "$ref": "#/texts/55"
        },
        {
          "$ref": "#/texts/56"
        },
        {
          "$ref": "#/texts/57"
        },
        {
          "$ref": "#/texts/58"
        },
        {
          "$ref": "#/texts/59"
        },
        {
          "$ref": "#/pictures/8"
        }
      ],
      "content_layer": "body",
      "label": "section_header",
      "prov": [],
      "orig": "TVOCs, Formaldehyde",
      "text": "TVOCs, Formaldehyde",
      "level": 3
    },
    {
      "self_ref": "#/texts/52",
      "parent": {
        "$ref": "#/texts/51"
      },
      "children": [],
      "content_layer": "body",
      "label": "text",
      "prov": [],
      "orig": "These are gases released from building materials, furniture, cleaning",
      "text": "These are gases released from building materials, furniture, cleaning"
    },
    {
      "self_ref": "#/texts/53",
      "parent": {
        "$ref": "#/texts/51"
      },
      "children": [],
      "content_layer": "body",
      "label": "text",
      "prov": [],
      "orig": "products,",
      "text": "products,"
    },
    {
      "self_ref": "#/texts/54",
      "parent": {
        "$ref": "#/texts/51"
      },
      "children": [],
      "content_layer": "body",
      "label": "text",
      "prov": [],
      "orig": "and even office equipment especially in a newly constructed building.",
      "text": "and even office equipment especially in a newly constructed building."
    },
    {
      "self_ref": "#/texts/55",
      "parent": {
        "$ref": "#/texts/51"
      },
      "children": [],
      "content_layer": "body",
      "label": "text",
      "prov": [],
      "orig": "In",
      "text": "In"
    },
    {
      "self_ref": "#/texts/56",
      "parent": {
        "$ref": "#/texts/51"
      },
      "children": [],
      "content_layer": "body",
      "label": "text",
      "prov": [],
      "orig": "poorly",
      "text": "poorly"
    },
    {
      "self_ref": "#/texts/57",
      "parent": {
        "$ref": "#/texts/51"
      },
      "children": [],
      "content_layer": "body",
      "label": "text",
      "prov": [],
      "orig": "ventilated spaces, TVOCs can accumulate and cause headaches, dizziness,",
      "text": "ventilated spaces, TVOCs can accumulate and cause headaches, dizziness,"
    },
    {
      "self_ref": "#/texts/58",
      "parent": {
        "$ref": "#/texts/51"
      },
      "children": [],
      "content_layer": "body",
      "label": "text",
      "prov": [],
      "orig": "eye",
      "text": "eye"
    },
    {
      "self_ref": "#/texts/59",
      "parent": {
        "$ref": "#/texts/51"
      },
      "children": [],
      "content_layer": "body",
      "label": "text",
      "prov": [],
      "orig": "irritation, or long-term health effects.",
      "text": "irritation, or long-term health effects."
    },
    {
      "self_ref": "#/texts/60",
      "parent": {
        "$ref": "#/texts/44"
      },
      "children": [
        {
          "$ref": "#/texts/61"
        },
        {
          "$ref": "#/texts/62"
        },
        {
          "$ref": "#/texts/63"
        },
        {
          "$ref": "#/pictures/9"
        }
      ],
      "content_layer": "body",
      "label": "section_header",
      "prov": [],
      "orig": "Discomfort factors",
      "text": "Discomfort factors",
      "level": 3
    },
    {
      "self_ref": "#/texts/61",
      "parent": {
        "$ref": "#/texts/60"
      },
      "children": [],
      "content_layer": "body",
      "label": "text",
      "prov": [],
      "orig": "Uncontrolled humidity not only leads to mold but also makes people feel",
      "text": "Uncontrolled humidity not only leads to mold but also makes people feel"
    },
    {
      "self_ref": "#/texts/62",
      "parent": {
        "$ref": "#/texts/60"
      },
      "children": [],
      "content_layer": "body",
      "label": "text",
      "prov": [],
      "orig": "sticky,",
      "text": "sticky,"
    },
    {
      "self_ref": "#/texts/63",
      "parent": {
        "$ref": "#/texts/60"
      },
      "children": [],
      "content_layer": "body",
      "label": "text",
      "prov": [],
      "orig": "sweaty, and uncomfortable, reducing the overall quality of life indoors.",
      "text": "sweaty, and uncomfortable, reducing the overall quality of life indoors."
    },
    {
      "self_ref": "#/texts/64",
      "parent": {
        "$ref": "#/texts/44"
      },
      "children": [
        {
          "$ref": "#/texts/65"
        },
        {
          "$ref": "#/texts/66"
        },
        {
          "$ref": "#/texts/67"
        },
        {
          "$ref": "#/texts/68"
        },
        {
          "$ref": "#/texts/69"
        },
        {
          "$ref": "#/texts/70"
        }
      ],
      "content_layer": "body",
      "label": "section_header",
      "prov": [],
      "orig": "Biological risks",
      "text": "Biological risks",
      "level": 3
    },
    {
      "self_ref": "#/texts/65",
      "parent": {
        "$ref": "#/texts/64"
      },
      "children": [],
      "content_layer": "body",
      "label": "text",
      "prov": [],
      "orig": "Viruses and bacteria can travel through poorly filtered air. Combined",
      "text": "Viruses and bacteria can travel through poorly filtered air. Combined"
    },
    {
      "self_ref": "#/texts/66",
      "parent": {
        "$ref": "#/texts/64"
      },
      "children": [],
      "content_layer": "body",
      "label": "text",
      "prov": [],
      "orig": "with",
      "text": "with"
    },
    {
      "self_ref": "#/texts/67",
      "parent": {
        "$ref": "#/texts/64"
      },
      "children": [],
      "content_layer": "body",
      "label": "text",
      "prov": [],
      "orig": "high",
      "text": "high"
    },
    {
      "self_ref": "#/texts/68",
      "parent": {
        "$ref": "#/texts/64"
      },
      "children": [],
      "content_layer": "body",
      "label": "text",
      "prov": [],
      "orig": "humidity, this creates conditions where mold can grow, triggering",
      "text": "humidity, this creates conditions where mold can grow, triggering"
    },
    {
      "self_ref": "#/texts/69",
      "parent": {
        "$ref": "#/texts/64"
      },
      "children": [],
      "content_layer": "body",
      "label": "text",
      "prov": [],
      "orig": "allergies,",
      "text": "allergies,"
    },
    {
      "self_ref": "#/texts/70",
      "parent": {
        "$ref": "#/texts/64"
      },
      "children": [],
      "content_layer": "body",
      "label": "text",
      "prov": [],
      "orig": "respiratory problems, and discomfort.",
      "text": "respiratory problems, and discomfort."
    },
    {
      "self_ref": "#/texts/71",
      "parent": {
        "$ref": "#/texts/29"
      },
      "children": [
        {
          "$ref": "#/pictures/10"
        },
        {
          "$ref": "#/texts/72"
        }
      ],
      "content_layer": "body",
      "label": "section_header",
      "prov": [],
      "orig": "External Problem",
      "text": "External Problem",
      "level": 2
    },
    {
      "self_ref": "#/texts/72",
      "parent": {
        "$ref": "#/texts/71"
      },
      "children": [
        {
          "$ref": "#/texts/73"
        }
      ],
      "content_layer": "body",
      "label": "section_header",
      "prov": [],
      "orig": "Outdoor pollution entering indoors",
      "text": "Outdoor pollution entering indoors",
      "level": 3
    },
    {
      "self_ref": "#/texts/73",
      "parent": {
        "$ref": "#/texts/72"
      },
      "children": [],
      "content_layer": "body",
      "label": "text",
      "prov": [],
      "orig": "Bringing in fresh air is essential, but today's outdoor air often carries particulate matter and traffic emission that can worsen indoor air quality instead of improving it.",
      "text": "Bringing in fresh air is essential, but today's outdoor air often carries particulate matter and traffic emission that can worsen indoor air quality instead of improving it."
    },
    {
      "self_ref": "#/texts/74",
      "parent": {
        "$ref": "#/groups/1"
      },
      "children": [
        {
          "$ref": "#/texts/75"
        },
        {
          "$ref": "#/texts/76"
        },
        {
          "$ref": "#/texts/77"
        },
        {
          "$ref": "#/texts/78"
        },
        {
          "$ref": "#/texts/79"
        },
        {
          "$ref": "#/texts/80"
        },
        {
          "$ref": "#/pictures/11"
        },
        {
          "$ref": "#/texts/81"
        },
        {
          "$ref": "#/texts/82"
        },
        {
          "$ref": "#/pictures/12"
        },
        {
          "$ref": "#/pictures/13"
        }
      ],
      "content_layer": "body",
      "label": "section_header",
      "prov": [],
      "orig": "Indoor Air Quality",
      "text": "Indoor Air Quality",
      "level": 1
    },
    {
      "self_ref": "#/texts/75",
      "parent": {
        "$ref": "#/texts/74"
      },
      "children": [],
      "content_layer": "body",
      "label": "text",
      "prov": [],
      "orig": "Indoor Air Quality (IAQ) and Indoor Environmental Quality (IEQ) are at the heart of",
      "text": "Indoor Air Quality (IAQ) and Indoor Environmental Quality (IEQ) are at the heart of"
    },
    {
      "self_ref": "#/texts/76",
      "parent": {
        "$ref": "#/texts/74"
      },
      "children": [],
      "content_layer": "body",
      "label": "text",
      "prov": [],
      "orig": "healthy",
      "text": "healthy"
    },
    {
      "self_ref": "#/texts/77",
      "parent": {
        "$ref": "#/texts/74"
      },
      "children": [],
      "content_layer": "body",
      "label": "text",
      "prov": [],
      "orig": "and productive living. IAQ ensures that the air inside buildings is fresh, clean, and balanced-free from",
      "text": "and productive living. IAQ ensures that the air inside buildings is fresh, clean, and balanced-free from"
    },
    {
      "self_ref": "#/texts/78",
      "parent": {
        "$ref": "#/texts/74"
      },
      "children": [],
      "content_layer": "body",
      "label": "text",
      "prov": [],
      "orig": "excess",
      "text": "excess"
    },
    {
      "self_ref": "#/texts/79",
      "parent": {
        "$ref": "#/texts/74"
      },
      "children": [],
      "content_layer": "body",
      "label": "text",
      "prov": [],
      "orig": "CO₂,",
      "text": "CO₂,"
    },
    {
      "self_ref": "#/texts/80",
      "parent": {
        "$ref": "#/texts/74"
      },
      "children": [],
      "content_layer": "body",
      "label": "text",
      "prov": [],
      "orig": "pollutants, and other gases.",
      "text": "pollutants, and other gases."
    },
    {
      "self_ref": "#/texts/81",
      "parent": {
        "$ref": "#/texts/74"
      },
      "children": [],
      "content_layer": "body",
      "label": "text",
      "prov": [],
      "orig": "IEQ goes beyond air cleanliness, combining thermal comfort, humidity, light and sound",
      "text": "IEQ goes beyond air cleanliness, combining thermal comfort, humidity, light and sound"
    },
    {
      "self_ref": "#/texts/82",
      "parent": {
        "$ref": "#/texts/74"
      },
      "children": [],
      "content_layer": "body",
      "label": "text",
      "prov": [],
      "orig": "to create spaces where people can truly thrive.",
      "text": "to create spaces where people can truly thrive."
    },
    {
      "self_ref": "#/texts/83",
      "parent": {
        "$ref": "#/groups/1"
      },
      "children": [
        {
          "$ref": "#/texts/84"
        },
        {
          "$ref": "#/texts/85"
        },
        {
          "$ref": "#/texts/86"
        },
        {
          "$ref": "#/texts/87"
        },
        {
          "$ref": "#/texts/88"
        },
        {
          "$ref": "#/texts/89"
        },
        {
          "$ref": "#/texts/90"
        },
        {
          "$ref": "#/texts/91"
        },
        {
          "$ref": "#/texts/92"
        }
      ],
      "content_layer": "body",
      "label": "section_header",
      "prov": [],
      "orig": "At Daikin, we believe everyone deserves to live and\r\n                                    work\r\n                                    in environments with high IAQ and IEQ. Guided by our vision “Perfecting the Air”",
      "text": "At Daikin, we believe everyone deserves to live and\r\n                                    work\r\n                                    in environments with high IAQ and IEQ. Guided by our vision \"Perfecting the Air\"",
      "level": 1
    },
    {
      "self_ref": "#/texts/84",
      "parent": {
        "$ref": "#/texts/83"
      },
      "children": [],
      "content_layer": "body",
      "label": "text",
      "prov": [],
      "orig": "We are committed to delivering solutions that not only protect health and well-being",
      "text": "We are committed to delivering solutions that not only protect health and well-being"
    },
    {
      "self_ref": "#/texts/85",
      "parent": {
        "$ref": "#/texts/83"
      },
      "children": [],
      "content_layer": "body",
      "label": "text",
      "prov": [],
      "orig": "but",
      "text": "but"
    },
    {
      "self_ref": "#/texts/86",
      "parent": {
        "$ref": "#/texts/83"
      },
      "children": [],
      "content_layer": "body",
      "label": "text",
      "prov": [],
      "orig": "also",
      "text": "also"
    },
    {
      "self_ref": "#/texts/87",
      "parent": {
        "$ref": "#/texts/83"
      },
      "children": [],
      "content_layer": "body",
      "label": "text",
      "prov": [],
      "orig": "improve energy efficiency. Through innovations like Outdoor Air Processing Units",
      "text": "improve energy efficiency. Through innovations like Outdoor Air Processing Units"
    },
    {
      "self_ref": "#/texts/88",
      "parent": {
        "$ref": "#/texts/83"
      },
      "children": [],
      "content_layer": "body",
      "label": "text",
      "prov": [],
      "orig": "(OAPU)",
      "text": "(OAPU)"
    },
    {
      "self_ref": "#/texts/89",
      "parent": {
        "$ref": "#/texts/83"
      },
      "children": [],
      "content_layer": "body",
      "label": "text",
      "prov": [],
      "orig": "and",
      "text": "and"
    },
    {
      "self_ref": "#/texts/90",
      "parent": {
        "$ref": "#/texts/83"
      },
      "children": [],
      "content_layer": "body",
      "label": "text",
      "prov": [],
      "orig": "Heat Reclaim Ventilator (HRV), Daikin supports buildings in achieving healthier,",
      "text": "Heat Reclaim Ventilator (HRV), Daikin supports buildings in achieving healthier,"
    },
    {
      "self_ref": "#/texts/91",
      "parent": {
        "$ref": "#/texts/83"
      },
      "children": [],
      "content_layer": "body",
      "label": "text",
      "prov": [],
      "orig": "more",
      "text": "more"
    },
    {
      "self_ref": "#/texts/92",
      "parent": {
        "$ref": "#/texts/83"
      },
      "children": [],
      "content_layer": "body",
      "label": "text",
      "prov": [],
      "orig": "sustainable, and more comfortable spaces for all.",
      "text": "sustainable, and more comfortable spaces for all."
    },
    {
      "self_ref": "#/texts/93",
      "parent": {
        "$ref": "#/groups/1"
      },
      "children": [
        {
          "$ref": "#/texts/94"
        },
        {
          "$ref": "#/texts/113"
        },
        {
          "$ref": "#/texts/135"
        }
      ],
      "content_layer": "body",
      "label": "section_header",
      "prov": [],
      "orig": "Case Study",
      "text": "Case Study",
      "level": 1
    },
    {
      "self_ref": "#/texts/94",
      "parent": {
        "$ref": "#/texts/93"
      },
      "children": [
        {
          "$ref": "#/pictures/14"
        },
        {
          "$ref": "#/texts/95"
        },
        {
          "$ref": "#/pictures/15"
        },
        {
          "$ref": "#/texts/96"
        },
        {
          "$ref": "#/texts/104"
        }
      ],
      "content_layer": "body",
      "label": "section_header",
      "prov": [],
      "orig": "CASE 1",
      "text": "CASE 1",
      "level": 2
    },
    {
      "self_ref": "#/texts/95",
      "parent": {
        "$ref": "#/texts/94"
      },
      "children": [],
      "content_layer": "body",
      "label": "text",
      "prov": [],
      "orig": "University Classroom",
      "text": "University Classroom"
    },
    {
      "self_ref": "#/texts/96",
      "parent": {
        "$ref": "#/texts/94"
      },
      "children": [
        {
          "$ref": "#/texts/97"
        },
        {
          "$ref": "#/texts/98"
        },
        {
          "$ref": "#/texts/99"
        },
        {
          "$ref": "#/texts/100"
        },
        {
          "$ref": "#/texts/101"
        },
        {
          "$ref": "#/texts/102"
        },
        {
          "$ref": "#/texts/103"
        }
      ],
      "content_layer": "body",
      "label": "section_header",
      "prov": [],
      "orig": "Problem",
      "text": "Problem",
      "level": 3
    },
    {
      "self_ref": "#/texts/97",
      "parent": {
        "$ref": "#/texts/96"
      },
      "children": [],
      "content_layer": "body",
      "label": "text",
      "prov": [],
      "orig": "University classrooms are often packed with students for long hours. This",
      "text": "University classrooms are often packed with students for long hours. This"
    },
    {
      "self_ref": "#/texts/98",
      "parent": {
        "$ref": "#/texts/96"
      },
      "children": [],
      "content_layer": "body",
      "label": "text",
      "prov": [],
      "orig": "leads",
      "text": "leads"
    },
    {
      "self_ref": "#/texts/99",
      "parent": {
        "$ref": "#/texts/96"
      },
      "children": [],
      "content_layer": "body",
      "label": "text",
      "prov": [],
      "orig": "to a",
      "text": "to a"
    },
    {
      "self_ref": "#/texts/100",
      "parent": {
        "$ref": "#/texts/96"
      },
      "children": [],
      "content_layer": "body",
      "label": "text",
      "prov": [],
      "orig": "rapid build-up of CO₂ and a lack of fresh air circulation. Poor",
      "text": "rapid build-up of CO₂ and a lack of fresh air circulation. Poor"
    },
    {
      "self_ref": "#/texts/101",
      "parent": {
        "$ref": "#/texts/96"
      },
      "children": [],
      "content_layer": "body",
      "label": "text",
      "prov": [],
      "orig": "ventilation",
      "text": "ventilation"
    },
    {
      "self_ref": "#/texts/102",
      "parent": {
        "$ref": "#/texts/96"
      },
      "children": [],
      "content_layer": "body",
      "label": "text",
      "prov": [],
      "orig": "reduces",
      "text": "reduces"
    },
    {
      "self_ref": "#/texts/103",
      "parent": {
        "$ref": "#/texts/96"
      },
      "children": [],
      "content_layer": "body",
      "label": "text",
      "prov": [],
      "orig": "concentration, comfort, and learning efficiency.",
      "text": "concentration, comfort, and learning efficiency."
    },
    {
      "self_ref": "#/texts/104",
      "parent": {
        "$ref": "#/texts/94"
      },
      "children": [
        {
          "$ref": "#/groups/2"
        },
        {
          "$ref": "#/texts/107"
        },
        {
          "$ref": "#/texts/108"
        },
        {
          "$ref": "#/texts/109"
        },
        {
          "$ref": "#/texts/110"
        },
        {
          "$ref": "#/texts/111"
        },
        {
          "$ref": "#/texts/112"
        }
      ],
      "content_layer": "body",
      "label": "section_header",
      "prov": [],
      "orig": "Solutions",
      "text": "Solutions",
      "level": 3
    },
    {
      "self_ref": "#/texts/105",
      "parent": {
        "$ref": "#/groups/2"
      },
      "children": [],
      "content_layer": "body",
      "label": "text",
      "prov": [],
      "orig": "VAM (Ventilation Air Module)",
      "text": "VAM (Ventilation Air Module)",
      "hyperlink": "#vam"
    },
    {
      "self_ref": "#/texts/106",
      "parent": {
        "$ref": "#/groups/2"
      },
      "children": [],
      "content_layer": "body",
      "label": "text",
      "prov": [],
      "orig": "Outdoor air is introduced and pre-conditioned through heat exchange.",
      "text": "Outdoor air is introduced and pre-conditioned through heat exchange."
    },
    {
      "self_ref": "#/texts/107",
      "parent": {
        "$ref": "#/texts/104"
      },
      "children": [],
      "content_layer": "body",
      "label": "text",
      "prov": [],
      "orig": "This",
      "text": "This"
    },
    {
      "self_ref": "#/texts/108",
      "parent": {
        "$ref": "#/texts/104"
      },
      "children": [],
      "content_layer": "body",
      "label": "text",
      "prov": [],
      "orig": "helps",
      "text": "helps"
    },
    {
      "self_ref": "#/texts/109",
      "parent": {
        "$ref": "#/texts/104"
      },
      "children": [],
      "content_layer": "body",
      "label": "text",
      "prov": [],
      "orig": "maintain",
      "text": "maintain"
    },
    {
      "self_ref": "#/texts/110",
      "parent": {
        "$ref": "#/texts/104"
      },
      "children": [],
      "content_layer": "body",
      "label": "text",
      "prov": [],
      "orig": "healthy CO₂ levels, ensures fresh air supply, and keeps the learning",
      "text": "healthy CO₂ levels, ensures fresh air supply, and keeps the learning"
    },
    {
      "self_ref": "#/texts/111",
      "parent": {
        "$ref": "#/texts/104"
      },
      "children": [],
      "content_layer": "body",
      "label": "text",
      "prov": [],
      "orig": "environment",
      "text": "environment"
    },
    {
      "self_ref": "#/texts/112",
      "parent": {
        "$ref": "#/texts/104"
      },
      "children": [],
      "content_layer": "body",
      "label": "text",
      "prov": [],
      "orig": "comfortable while reducing energy loss.",
      "text": "comfortable while reducing energy loss."
    },
    {
      "self_ref": "#/texts/113",
      "parent": {
        "$ref": "#/texts/93"
      },
      "children": [
        {
          "$ref": "#/pictures/16"
        },
        {
          "$ref": "#/texts/114"
        },
        {
          "$ref": "#/pictures/17"
        },
        {
          "$ref": "#/texts/115"
        },
        {
          "$ref": "#/texts/126"
        }
      ],
      "content_layer": "body",
      "label": "section_header",
      "prov": [],
      "orig": "CASE 2",
      "text": "CASE 2",
      "level": 2
    },
    {
      "self_ref": "#/texts/114",
      "parent": {
        "$ref": "#/texts/113"
      },
      "children": [],
      "content_layer": "body",
      "label": "text",
      "prov": [],
      "orig": "Kindergarten Classroom",
      "text": "Kindergarten Classroom"
    },
    {
      "self_ref": "#/texts/115",
      "parent": {
        "$ref": "#/texts/113"
      },
      "children": [
        {
          "$ref": "#/texts/116"
        },
        {
          "$ref": "#/texts/117"
        },
        {
          "$ref": "#/texts/118"
        },
        {
          "$ref": "#/texts/119"
        },
        {
          "$ref": "#/texts/120"
        },
        {
          "$ref": "#/texts/121"
        },
        {
          "$ref": "#/texts/122"
        },
        {
          "$ref": "#/texts/123"
        },
        {
          "$ref": "#/texts/124"
        },
        {
          "$ref": "#/texts/125"
        }
      ],
      "content_layer": "body",
      "label": "section_header",
      "prov": [],
      "orig": "Problem",
      "text": "Problem",
      "level": 3
    },
    {
      "self_ref": "#/texts/116",
      "parent": {
        "$ref": "#/texts/115"
      },
      "children": [],
      "content_layer": "body",
      "label": "text",
      "prov": [],
      "orig": "Rayong faces sea heat, coastal humidity, and airflows carrying pollutants",
      "text": "Rayong faces sea heat, coastal humidity, and airflows carrying pollutants"
    },
    {
      "self_ref": "#/texts/117",
      "parent": {
        "$ref": "#/texts/115"
      },
      "children": [],
      "content_layer": "body",
      "label": "text",
      "prov": [],
      "orig": "from",
      "text": "from"
    },
    {
      "self_ref": "#/texts/118",
      "parent": {
        "$ref": "#/texts/115"
      },
      "children": [],
      "content_layer": "body",
      "label": "text",
      "prov": [],
      "orig": "surrounding industrial zones. These conditions heighten children's",
      "text": "surrounding industrial zones. These conditions heighten children's"
    },
    {
      "self_ref": "#/texts/119",
      "parent": {
        "$ref": "#/texts/115"
      },
      "children": [],
      "content_layer": "body",
      "label": "text",
      "prov": [],
      "orig": "sensitivity",
      "text": "sensitivity"
    },
    {
      "self_ref": "#/texts/120",
      "parent": {
        "$ref": "#/texts/115"
      },
      "children": [],
      "content_layer": "body",
      "label": "text",
      "prov": [],
      "orig": "to",
      "text": "to"
    },
    {
      "self_ref": "#/texts/121",
      "parent": {
        "$ref": "#/texts/115"
      },
      "children": [],
      "content_layer": "body",
      "label": "text",
      "prov": [],
      "orig": "poor",
      "text": "poor"
    },
    {
      "self_ref": "#/texts/122",
      "parent": {
        "$ref": "#/texts/115"
      },
      "children": [],
      "content_layer": "body",
      "label": "text",
      "prov": [],
      "orig": "air quality, especially in closed classrooms with insufficient",
      "text": "air quality, especially in closed classrooms with insufficient"
    },
    {
      "self_ref": "#/texts/123",
      "parent": {
        "$ref": "#/texts/115"
      },
      "children": [],
      "content_layer": "body",
      "label": "text",
      "prov": [],
      "orig": "ventilation,",
      "text": "ventilation,"
    },
    {
      "self_ref": "#/texts/124",
      "parent": {
        "$ref": "#/texts/115"
      },
      "children": [],
      "content_layer": "body",
      "label": "text",
      "prov": [],
      "orig": "increasing",
      "text": "increasing"
    },
    {
      "self_ref": "#/texts/125",
      "parent": {
        "$ref": "#/texts/115"
      },
      "children": [],
      "content_layer": "body",
      "label": "text",
      "prov": [],
      "orig": "risks of illness and discomfort.",
      "text": "risks of illness and discomfort."
    },
    {
      "self_ref": "#/texts/126",
      "parent": {
        "$ref": "#/texts/113"
      },
      "children": [
        {
          "$ref": "#/groups/3"
        },
        {
          "$ref": "#/texts/129"
        },
        {
          "$ref": "#/texts/130"
        },
        {
          "$ref": "#/texts/131"
        },
        {
          "$ref": "#/texts/132"
        },
        {
          "$ref": "#/texts/133"
        },
        {
          "$ref": "#/texts/134"
        }
      ],
      "content_layer": "body",
      "label": "section_header",
      "prov": [],
      "orig": "Solutions",
      "text": "Solutions",
      "level": 3
    },
    {
      "self_ref": "#/texts/127",
      "parent": {
        "$ref": "#/groups/3"
      },
      "children": [],
      "content_layer": "body",
      "label": "text",
      "prov": [],
      "orig": "OAPU (Outdoor Air Processing Unit)",
      "text": "OAPU (Outdoor Air Processing Unit)",
      "hyperlink": "#oapu"
    },
    {
      "self_ref": "#/texts/128",
      "parent": {
        "$ref": "#/groups/3"
      },
      "children": [],
      "content_layer": "body",
      "label": "text",
      "prov": [],
      "orig": "It supplies treated fresh air at low temperature and low humidity to",
      "text": "It supplies treated fresh air at low temperature and low humidity to"
    },
    {
      "self_ref": "#/texts/129",
      "parent": {
        "$ref": "#/texts/126"
      },
      "children": [],
      "content_layer": "body",
      "label": "text",
      "prov": [],
      "orig": "maintain",
      "text": "maintain"
    },
    {
      "self_ref": "#/texts/130",
      "parent": {
        "$ref": "#/texts/126"
      },
      "children": [],
      "content_layer": "body",
      "label": "text",
      "prov": [],
      "orig": "positive",
      "text": "positive"
    },
    {
      "self_ref": "#/texts/131",
      "parent": {
        "$ref": "#/texts/126"
      },
      "children": [],
      "content_layer": "body",
      "label": "text",
      "prov": [],
      "orig": "pressure, preventing outdoor pollutants from entering and ensuring",
      "text": "pressure, preventing outdoor pollutants from entering and ensuring"
    },
    {
      "self_ref": "#/texts/132",
      "parent": {
        "$ref": "#/texts/126"
      },
      "children": [],
      "content_layer": "body",
      "label": "text",
      "prov": [],
      "orig": "clean,",
      "text": "clean,"
    },
    {
      "self_ref": "#/texts/133",
      "parent": {
        "$ref": "#/texts/126"
      },
      "children": [],
      "content_layer": "body",
      "label": "text",
      "prov": [],
      "orig": "comfortable",
      "text": "comfortable"
    },
    {
      "self_ref": "#/texts/134",
      "parent": {
        "$ref": "#/texts/126"
      },
      "children": [],
      "content_layer": "body",
      "label": "text",
      "prov": [],
      "orig": "indoor air.",
      "text": "indoor air."
    },
    {
      "self_ref": "#/texts/135",
      "parent": {
        "$ref": "#/texts/93"
      },
      "children": [
        {
          "$ref": "#/pictures/18"
        },
        {
          "$ref": "#/texts/136"
        },
        {
          "$ref": "#/pictures/19"
        },
        {
          "$ref": "#/texts/137"
        },
        {
          "$ref": "#/texts/146"
        }
      ],
      "content_layer": "body",
      "label": "section_header",
      "prov": [],
      "orig": "CASE 3",
      "text": "CASE 3",
      "level": 2
    },
    {
      "self_ref": "#/texts/136",
      "parent": {
        "$ref": "#/texts/135"
      },
      "children": [],
      "content_layer": "body",
      "label": "text",
      "prov": [],
      "orig": "Office Building",
      "text": "Office Building"
    },
    {
      "self_ref": "#/texts/137",
      "parent": {
        "$ref": "#/texts/135"
      },
      "children": [
        {
          "$ref": "#/texts/138"
        },
        {
          "$ref": "#/texts/139"
        },
        {
          "$ref": "#/texts/140"
        },
        {
          "$ref": "#/texts/141"
        },
        {
          "$ref": "#/texts/142"
        },
        {
          "$ref": "#/texts/143"
        },
        {
          "$ref": "#/texts/144"
        },
        {
          "$ref": "#/texts/145"
        }
      ],
      "content_layer": "body",
      "label": "section_header",
      "prov": [],
      "orig": "Problem",
      "text": "Problem",
      "level": 3
    },
    {
      "self_ref": "#/texts/138",
      "parent": {
        "$ref": "#/texts/137"
      },
      "children": [],
      "content_layer": "body",
      "label": "text",
      "prov": [],
      "orig": "Office workers spend 8-10 hours a day indoors. Poor ventilation leads to",
      "text": "Office workers spend 8-10 hours a day indoors. Poor ventilation leads to"
    },
    {
      "self_ref": "#/texts/139",
      "parent": {
        "$ref": "#/texts/137"
      },
      "children": [],
      "content_layer": "body",
      "label": "text",
      "prov": [],
      "orig": "high",
      "text": "high"
    },
    {
      "self_ref": "#/texts/140",
      "parent": {
        "$ref": "#/texts/137"
      },
      "children": [],
      "content_layer": "body",
      "label": "text",
      "prov": [],
      "orig": "CO₂,",
      "text": "CO₂,"
    },
    {
      "self_ref": "#/texts/141",
      "parent": {
        "$ref": "#/texts/137"
      },
      "children": [],
      "content_layer": "body",
      "label": "text",
      "prov": [],
      "orig": "discomfort from humidity, and a higher risk of airborne infections. At",
      "text": "discomfort from humidity, and a higher risk of airborne infections. At"
    },
    {
      "self_ref": "#/texts/142",
      "parent": {
        "$ref": "#/texts/137"
      },
      "children": [],
      "content_layer": "body",
      "label": "text",
      "prov": [],
      "orig": "the",
      "text": "the"
    },
    {
      "self_ref": "#/texts/143",
      "parent": {
        "$ref": "#/texts/137"
      },
      "children": [],
      "content_layer": "body",
      "label": "text",
      "prov": [],
      "orig": "same",
      "text": "same"
    },
    {
      "self_ref": "#/texts/144",
      "parent": {
        "$ref": "#/texts/137"
      },
      "children": [],
      "content_layer": "body",
      "label": "text",
      "prov": [],
      "orig": "time,",
      "text": "time,"
    },
    {
      "self_ref": "#/texts/145",
      "parent": {
        "$ref": "#/texts/137"
      },
      "children": [],
      "content_layer": "body",
      "label": "text",
      "prov": [],
      "orig": "uncontrolled outdoor air infiltration adds heat, dust, and energy costs.",
      "text": "uncontrolled outdoor air infiltration adds heat, dust, and energy costs."
    },
    {
      "self_ref": "#/texts/146",
      "parent": {
        "$ref": "#/texts/135"
      },
      "children": [
        {
          "$ref": "#/groups/4"
        },
        {
          "$ref": "#/texts/149"
        },
        {
          "$ref": "#/texts/150"
        },
        {
          "$ref": "#/texts/151"
        },
        {
          "$ref": "#/texts/152"
        },
        {
          "$ref": "#/texts/153"
        },
        {
          "$ref": "#/texts/154"
        },
        {
          "$ref": "#/texts/155"
        },
        {
          "$ref": "#/texts/156"
        },
        {
          "$ref": "#/texts/157"
        },
        {
          "$ref": "#/texts/158"
        },
        {
          "$ref": "#/texts/159"
        },
        {
          "$ref": "#/texts/160"
        }
      ],
      "content_layer": "body",
      "label": "section_header",
      "prov": [],
      "orig": "Solutions",
      "text": "Solutions",
      "level": 3
    },
    {
      "self_ref": "#/texts/147",
      "parent": {
        "$ref": "#/groups/4"
      },
      "children": [],
      "content_layer": "body",
      "label": "text",
      "prov": [],
      "orig": "VKM (Ventilation Kit Module)",
      "text": "VKM (Ventilation Kit Module)",
      "hyperlink": "#vkm"
    },
    {
      "self_ref": "#/texts/148",
      "parent": {
        "$ref": "#/groups/4"
      },
      "children": [],
      "content_layer": "body",
      "label": "text",
      "prov": [],
      "orig": "Office spaces demand both high indoor air quality and energy efficiency. By combining heat",
      "text": "Office spaces demand both high indoor air quality and energy efficiency. By combining heat"
    },
    {
      "self_ref": "#/texts/149",
      "parent": {
        "$ref": "#/texts/146"
      },
      "children": [],
      "content_layer": "body",
      "label": "text",
      "prov": [],
      "orig": "reclaim",
      "text": "reclaim"
    },
    {
      "self_ref": "#/texts/150",
      "parent": {
        "$ref": "#/texts/146"
      },
      "children": [],
      "content_layer": "body",
      "label": "text",
      "prov": [],
      "orig": "ventilation with a DX coil, VKM balances fresh air supply and energy",
      "text": "ventilation with a DX coil, VKM balances fresh air supply and energy"
    },
    {
      "self_ref": "#/texts/151",
      "parent": {
        "$ref": "#/texts/146"
      },
      "children": [],
      "content_layer": "body",
      "label": "text",
      "prov": [],
      "orig": "saving,",
      "text": "saving,"
    },
    {
      "self_ref": "#/texts/152",
      "parent": {
        "$ref": "#/texts/146"
      },
      "children": [],
      "content_layer": "body",
      "label": "text",
      "prov": [],
      "orig": "reducing",
      "text": "reducing"
    },
    {
      "self_ref": "#/texts/153",
      "parent": {
        "$ref": "#/texts/146"
      },
      "children": [],
      "content_layer": "body",
      "label": "text",
      "prov": [],
      "orig": "air-conditioning load while delivering clean, cool, and comfortable air",
      "text": "air-conditioning load while delivering clean, cool, and comfortable air"
    },
    {
      "self_ref": "#/texts/154",
      "parent": {
        "$ref": "#/texts/146"
      },
      "children": [],
      "content_layer": "body",
      "label": "text",
      "prov": [],
      "orig": "throughout",
      "text": "throughout"
    },
    {
      "self_ref": "#/texts/155",
      "parent": {
        "$ref": "#/texts/146"
      },
      "children": [],
      "content_layer": "body",
      "label": "text",
      "prov": [],
      "orig": "the",
      "text": "the"
    },
    {
      "self_ref": "#/texts/156",
      "parent": {
        "$ref": "#/texts/146"
      },
      "children": [],
      "content_layer": "body",
      "label": "text",
      "prov": [],
      "orig": "workspace. These controlled ventilation and temperature management also",
      "text": "workspace. These controlled ventilation and temperature management also"
    },
    {
      "self_ref": "#/texts/157",
      "parent": {
        "$ref": "#/texts/146"
      },
      "children": [],
      "content_layer": "body",
      "label": "text",
      "prov": [],
      "orig": "help",
      "text": "help"
    },
    {
      "self_ref": "#/texts/158",
      "parent": {
        "$ref": "#/texts/146"
      },
      "children": [],
      "content_layer": "body",
      "label": "text",
      "prov": [],
      "orig": "maintain",
      "text": "maintain"
    },
    {
      "self_ref": "#/texts/159",
      "parent": {
        "$ref": "#/texts/146"
      },
      "children": [],
      "content_layer": "body",
      "label": "text",
      "prov": [],
      "orig": "conditions aligned with the",
      "text": "conditions aligned with the"
    },
    {
      "self_ref": "#/texts/160",
      "parent": {
        "$ref": "#/texts/146"
      },
      "children": [],
      "content_layer": "body",
      "label": "text",
      "prov": [],
      "orig": "ASHRAE 55 standard.",
      "text": "ASHRAE 55 standard.",
      "hyperlink": "javascript:void(0);"
    },
    {
      "self_ref": "#/texts/161",
      "parent": {
        "$ref": "#/groups/1"
      },
      "children": [
        {
          "$ref": "#/groups/5"
        },
        {
          "$ref": "#/texts/164"
        },
        {
          "$ref": "#/pictures/20"
        },
        {
          "$ref": "#/groups/6"
        },
        {
          "$ref": "#/texts/168"
        },
        {
          "$ref": "#/texts/169"
        },
        {
          "$ref": "#/pictures/21"
        },
        {
          "$ref": "#/groups/7"
        },
        {
          "$ref": "#/texts/173"
        },
        {
          "$ref": "#/texts/174"
        },
        {
          "$ref": "#/texts/175"
        },
        {
          "$ref": "#/texts/176"
        },
        {
          "$ref": "#/texts/177"
        },
        {
          "$ref": "#/texts/178"
        },
        {
          "$ref": "#/texts/179"
        },
        {
          "$ref": "#/texts/180"
        },
        {
          "$ref": "#/texts/181"
        },
        {
          "$ref": "#/texts/182"
        },
        {
          "$ref": "#/texts/183"
        },
        {
          "$ref": "#/texts/184"
        },
        {
          "$ref": "#/texts/185"
        },
        {
          "$ref": "#/texts/186"
        },
        {
          "$ref": "#/pictures/22"
        },
        {
          "$ref": "#/groups/8"
        },
        {
          "$ref": "#/texts/190"
        },
        {
          "$ref": "#/texts/191"
        },
        {
          "$ref": "#/pictures/26"
        },
        {
          "$ref": "#/texts/192"
        },
        {
          "$ref": "#/pictures/27"
        },
        {
          "$ref": "#/texts/193"
        },
        {
          "$ref": "#/pictures/28"
        },
        {
          "$ref": "#/groups/9"
        },
        {
          "$ref": "#/texts/197"
        },
        {
          "$ref": "#/texts/198"
        },
        {
          "$ref": "#/pictures/32"
        },
        {
          "$ref": "#/texts/199"
        },
        {
          "$ref": "#/texts/202"
        },
        {
          "$ref": "#/texts/210"
        },
        {
          "$ref": "#/texts/213"
        },
        {
          "$ref": "#/texts/222"
        },
        {
          "$ref": "#/texts/225"
        }
      ],
      "content_layer": "body",
      "label": "section_header",
      "prov": [],
      "orig": "Solutions",
      "text": "Solutions",
      "level": 1
    },
    {
      "self_ref": "#/texts/162",
      "parent": {
        "$ref": "#/groups/5"
      },
      "children": [],
      "content_layer": "body",
      "label": "text",
      "prov": [],
      "orig": "Before we faced the indoor air problems in a",
      "text": "Before we faced the indoor air problems in a"
    },
    {
      "self_ref": "#/texts/163",
      "parent": {
        "$ref": "#/groups/5"
      },
      "children": [],
      "content_layer": "body",
      "label": "text",
      "prov": [],
      "orig": "General",
      "text": "General",
      "formatting": {
        "bold": true,
        "italic": false,
        "underline": false,
        "strikethrough": false,
        "script": "baseline"
      }
    },
    {
      "self_ref": "#/texts/164",
      "parent": {
        "$ref": "#/texts/161"
      },
      "children": [],
      "content_layer": "body",
      "label": "text",
      "prov": [],
      "orig": "system",
      "text": "system",
      "formatting": {
        "bold": true,
        "italic": false,
        "underline": false,
        "strikethrough": false,
        "script": "baseline"
      }
    },
    {
      "self_ref": "#/texts/165",
      "parent": {
        "$ref": "#/groups/6"
      },
      "children": [],
      "content_layer": "body",
      "label": "text",
      "prov": [],
      "orig": "In an air-conditioned space with",
      "text": "In an air-conditioned space with"
    },
    {
      "self_ref": "#/texts/166",
      "parent": {
        "$ref": "#/groups/6"
      },
      "children": [],
      "content_layer": "body",
      "label": "text",
      "prov": [],
      "orig": "closed windows",
      "text": "closed windows",
      "formatting": {
        "bold": true,
        "italic": false,
        "underline": false,
        "strikethrough": false,
        "script": "baseline"
      }
    },
    {
      "self_ref": "#/texts/167",
      "parent": {
        "$ref": "#/groups/6"
      },
      "children": [],
      "content_layer": "body",
      "label": "text",
      "prov": [],
      "orig": ", viruses and CO2",
      "text": ", viruses and CO2"
    },
    {
      "self_ref": "#/texts/168",
      "parent": {
        "$ref": "#/texts/161"
      },
      "children": [],
      "content_layer": "body",
      "label": "text",
      "prov": [],
      "orig": "will",
      "text": "will"
    },
    {
      "self_ref": "#/texts/169",
      "parent": {
        "$ref": "#/texts/161"
      },
      "children": [],
      "content_layer": "body",
      "label": "text",
      "prov": [],
      "orig": "accumulate, posing potential health risks.",
      "text": "accumulate, posing potential health risks."
    },
    {
      "self_ref": "#/texts/170",
      "parent": {
        "$ref": "#/groups/7"
      },
      "children": [],
      "content_layer": "body",
      "label": "text",
      "prov": [],
      "orig": "Conversely,",
      "text": "Conversely,"
    },
    {
      "self_ref": "#/texts/171",
      "parent": {
        "$ref": "#/groups/7"
      },
      "children": [],
      "content_layer": "body",
      "label": "text",
      "prov": [],
      "orig": "opening the windows",
      "text": "opening the windows",
      "formatting": {
        "bold": true,
        "italic": false,
        "underline": false,
        "strikethrough": false,
        "script": "baseline"
      }
    },
    {
      "self_ref": "#/texts/172",
      "parent": {
        "$ref": "#/groups/7"
      },
      "children": [],
      "content_layer": "body",
      "label": "text",
      "prov": [],
      "orig": "provides natural ventilation to",
      "text": "provides natural ventilation to"
    },
    {
      "self_ref": "#/texts/173",
      "parent": {
        "$ref": "#/texts/161"
      },
      "children": [],
      "content_layer": "body",
      "label": "text",
      "prov": [],
      "orig": "release",
      "text": "release"
    },
    {
      "self_ref": "#/texts/174",
      "parent": {
        "$ref": "#/texts/161"
      },
      "children": [],
      "content_layer": "body",
      "label": "text",
      "prov": [],
      "orig": "these contaminants.",
      "text": "these contaminants."
    },
    {
      "self_ref": "#/texts/175",
      "parent": {
        "$ref": "#/texts/161"
      },
      "children": [],
      "content_layer": "body",
      "label": "text",
      "prov": [],
      "orig": "it sacrifices comfort by allowing in heat, humidity, and PM2.5 particulates, leading",
      "text": "it sacrifices comfort by allowing in heat, humidity, and PM2.5 particulates, leading"
    },
    {
      "self_ref": "#/texts/176",
      "parent": {
        "$ref": "#/texts/161"
      },
      "children": [],
      "content_layer": "body",
      "label": "text",
      "prov": [],
      "orig": "to",
      "text": "to"
    },
    {
      "self_ref": "#/texts/177",
      "parent": {
        "$ref": "#/texts/161"
      },
      "children": [],
      "content_layer": "body",
      "label": "text",
      "prov": [],
      "orig": "high",
      "text": "high"
    },
    {
      "self_ref": "#/texts/178",
      "parent": {
        "$ref": "#/texts/161"
      },
      "children": [],
      "content_layer": "body",
      "label": "text",
      "prov": [],
      "orig": "temperatures.",
      "text": "temperatures."
    },
    {
      "self_ref": "#/texts/179",
      "parent": {
        "$ref": "#/texts/161"
      },
      "children": [],
      "content_layer": "body",
      "label": "text",
      "prov": [],
      "orig": "A superior approach for both comfort and healthy air is implementing",
      "text": "A superior approach for both comfort and healthy air is implementing"
    },
    {
      "self_ref": "#/texts/180",
      "parent": {
        "$ref": "#/texts/161"
      },
      "children": [],
      "content_layer": "body",
      "label": "text",
      "prov": [],
      "orig": "mechanical ventilation to",
      "text": "mechanical ventilation to"
    },
    {
      "self_ref": "#/texts/181",
      "parent": {
        "$ref": "#/texts/161"
      },
      "children": [],
      "content_layer": "body",
      "label": "text",
      "prov": [],
      "orig": "manage contaminants and temperature effectively.",
      "text": "manage contaminants and temperature effectively."
    },
    {
      "self_ref": "#/texts/182",
      "parent": {
        "$ref": "#/texts/161"
      },
      "children": [],
      "content_layer": "body",
      "label": "text",
      "prov": [],
      "orig": "Introducing ...",
      "text": "Introducing ...",
      "formatting": {
        "bold": true,
        "italic": false,
        "underline": false,
        "strikethrough": false,
        "script": "baseline"
      }
    },
    {
      "self_ref": "#/texts/183",
      "parent": {
        "$ref": "#/texts/161"
      },
      "children": [],
      "content_layer": "body",
      "label": "text",
      "prov": [],
      "orig": "Daikin System Solutions",
      "text": "Daikin System Solutions"
    },
    {
      "self_ref": "#/texts/184",
      "parent": {
        "$ref": "#/texts/161"
      },
      "children": [],
      "content_layer": "body",
      "label": "text",
      "prov": [],
      "orig": "Ventilation Class 1",
      "text": "Ventilation Class 1"
    },
    {
      "self_ref": "#/texts/185",
      "parent": {
        "$ref": "#/texts/161"
      },
      "children": [],
      "content_layer": "body",
      "label": "text",
      "prov": [],
      "orig": "Ventilation Class 2",
      "text": "Ventilation Class 2"
    },
    {
      "self_ref": "#/texts/186",
      "parent": {
        "$ref": "#/texts/161"
      },
      "children": [],
      "content_layer": "body",
      "label": "text",
      "prov": [],
      "orig": "Ventilation Class 1",
      "text": "Ventilation Class 1"
    },
    {
      "self_ref": "#/texts/187",
      "parent": {
        "$ref": "#/groups/8"
      },
      "children": [],
      "content_layer": "body",
      "label": "list_item",
      "prov": [],
      "orig": "Both air supply and exhaust are Mechanically Controlled",
      "text": "Both air supply and exhaust are Mechanically Controlled",
      "enumerated": false,
      "marker": ""
    },
    {
      "self_ref": "#/texts/188",
      "parent": {
        "$ref": "#/groups/8"
      },
      "children": [],
      "content_layer": "body",
      "label": "list_item",
      "prov": [],
      "orig": "Supplies fresh air and gently dilutes indoor air for comfort.",
      "text": "Supplies fresh air and gently dilutes indoor air for comfort.",
      "enumerated": false,
      "marker": ""
    },
    {
      "self_ref": "#/texts/189",
      "parent": {
        "$ref": "#/groups/8"
      },
      "children": [],
      "content_layer": "body",
      "label": "list_item",
      "prov": [],
      "orig": "Keeps the room Comfortable and Energy-Efficient",
      "text": "Keeps the room Comfortable and Energy-Efficient",
      "enumerated": false,
      "marker": ""
    },
    {
      "self_ref": "#/texts/190",
      "parent": {
        "$ref": "#/texts/161"
      },
      "children": [],
      "content_layer": "body",
      "label": "text",
      "prov": [],
      "orig": "Product Solutions",
      "text": "Product Solutions"
    },
    {
      "self_ref": "#/texts/191",
      "parent": {
        "$ref": "#/texts/161"
      },
      "children": [],
      "content_layer": "body",
      "label": "text",
      "prov": [],
      "orig": "Ventilation Air Module (VAM)",
      "text": "Ventilation Air Module (VAM)"
    },
    {
      "self_ref": "#/texts/192",
      "parent": {
        "$ref": "#/texts/161"
      },
      "children": [],
      "content_layer": "body",
      "label": "text",
      "prov": [],
      "orig": "Ventilation Kit Module (VKM)",
      "text": "Ventilation Kit Module (VKM)"
    },
    {
      "self_ref": "#/texts/193",
      "parent": {
        "$ref": "#/texts/161"
      },
      "children": [],
      "content_layer": "body",
      "label": "text",
      "prov": [],
      "orig": "Ventilation Class 2",
      "text": "Ventilation Class 2"
    },
    {
      "self_ref": "#/texts/194",
      "parent": {
        "$ref": "#/groups/9"
      },
      "children": [],
      "content_layer": "body",
      "label": "list_item",
      "prov": [],
      "orig": "Mechanical Supply, Natural Exhaust",
      "text": "Mechanical Supply, Natural Exhaust",
      "enumerated": false,
      "marker": ""
    },
    {
      "self_ref": "#/texts/195",
      "parent": {
        "$ref": "#/groups/9"
      },
      "children": [],
      "content_layer": "body",
      "label": "list_item",
      "prov": [],
      "orig": "Prevents Dirty Outdoor Air from entering",
      "text": "Prevents Dirty Outdoor Air from entering",
      "enumerated": false,
      "marker": ""
    },
    {
      "self_ref": "#/texts/196",
      "parent": {
        "$ref": "#/groups/9"
      },
      "children": [],
      "content_layer": "body",
      "label": "list_item",
      "prov": [],
      "orig": "Keeps a Clean and Positive-Pressure environment",
      "text": "Keeps a Clean and Positive-Pressure environment",
      "enumerated": false,
      "marker": ""
    },
    {
      "self_ref": "#/texts/197",
      "parent": {
        "$ref": "#/texts/161"
      },
      "children": [],
      "content_layer": "body",
      "label": "text",
      "prov": [],
      "orig": "Product Solutions",
      "text": "Product Solutions"
    },
    {
      "self_ref": "#/texts/198",
      "parent": {
        "$ref": "#/texts/161"
      },
      "children": [],
      "content_layer": "body",
      "label": "text",
      "prov": [],
      "orig": "Outdoor Air Processing Unit (OAPU)",
      "text": "Outdoor Air Processing Unit (OAPU)"
    },
    {
      "self_ref": "#/texts/199",
      "parent": {
        "$ref": "#/texts/161"
      },
      "children": [
        {
          "$ref": "#/pictures/33"
        },
        {
          "$ref": "#/groups/10"
        }
      ],
      "content_layer": "body",
      "label": "section_header",
      "prov": [],
      "orig": "Ventilation Air Module (VAM)",
      "text": "Ventilation Air Module (VAM)",
      "level": 2
    },
    {
      "self_ref": "#/texts/200",
      "parent": {
        "$ref": "#/groups/10"
      },
      "children": [],
      "content_layer": "body",
      "label": "list_item",
      "prov": [],
      "orig": "Type : Heat Reclaim Ventilator",
      "text": "Type : Heat Reclaim Ventilator",
      "enumerated": false,
      "marker": ""
    },
    {
      "self_ref": "#/texts/201",
      "parent": {
        "$ref": "#/groups/10"
      },
      "children": [],
      "content_layer": "body",
      "label": "list_item",
      "prov": [],
      "orig": "Ventilation : Class 1 Supply fresh air and Exhaust air",
      "text": "Ventilation : Class 1 Supply fresh air and Exhaust air",
      "enumerated": false,
      "marker": ""
    },
    {
      "self_ref": "#/texts/202",
      "parent": {
        "$ref": "#/texts/161"
      },
      "children": [
        {
          "$ref": "#/texts/203"
        },
        {
          "$ref": "#/texts/204"
        },
        {
          "$ref": "#/texts/205"
        },
        {
          "$ref": "#/texts/206"
        },
        {
          "$ref": "#/texts/207"
        },
        {
          "$ref": "#/texts/208"
        },
        {
          "$ref": "#/texts/209"
        }
      ],
      "content_layer": "body",
      "label": "section_header",
      "prov": [],
      "orig": "Function",
      "text": "Function",
      "level": 2
    },
    {
      "self_ref": "#/texts/203",
      "parent": {
        "$ref": "#/texts/202"
      },
      "children": [],
      "content_layer": "body",
      "label": "text",
      "prov": [],
      "orig": "Brings outdoor air into the building while exchanging heat with the",
      "text": "Brings outdoor air into the building while exchanging heat with the"
    },
    {
      "self_ref": "#/texts/204",
      "parent": {
        "$ref": "#/texts/202"
      },
      "children": [],
      "content_layer": "body",
      "label": "text",
      "prov": [],
      "orig": "cooler",
      "text": "cooler"
    },
    {
      "self_ref": "#/texts/205",
      "parent": {
        "$ref": "#/texts/202"
      },
      "children": [],
      "content_layer": "body",
      "label": "text",
      "prov": [],
      "orig": "exhaust air that is discharged outside. This process pre-cools the",
      "text": "exhaust air that is discharged outside. This process pre-cools the"
    },
    {
      "self_ref": "#/texts/206",
      "parent": {
        "$ref": "#/texts/202"
      },
      "children": [],
      "content_layer": "body",
      "label": "text",
      "prov": [],
      "orig": "incoming",
      "text": "incoming"
    },
    {
      "self_ref": "#/texts/207",
      "parent": {
        "$ref": "#/texts/202"
      },
      "children": [],
      "content_layer": "body",
      "label": "text",
      "prov": [],
      "orig": "air and prevents conditioned air from being wasted, helping to maintain",
      "text": "air and prevents conditioned air from being wasted, helping to maintain"
    },
    {
      "self_ref": "#/texts/208",
      "parent": {
        "$ref": "#/texts/202"
      },
      "children": [],
      "content_layer": "body",
      "label": "text",
      "prov": [],
      "orig": "comfort and save energy.",
      "text": "comfort and save energy."
    },
    {
      "self_ref": "#/texts/209",
      "parent": {
        "$ref": "#/texts/202"
      },
      "children": [],
      "content_layer": "body",
      "label": "text",
      "prov": [],
      "orig": "VIEW MORE",
      "text": "VIEW MORE",
      "hyperlink": "#"
    },
    {
      "self_ref": "#/texts/210",
      "parent": {
        "$ref": "#/texts/161"
      },
      "children": [
        {
          "$ref": "#/pictures/34"
        },
        {
          "$ref": "#/groups/11"
        }
      ],
      "content_layer": "body",
      "label": "section_header",
      "prov": [],
      "orig": "Ventilation Kit Module (VKM)",
      "text": "Ventilation Kit Module (VKM)",
      "level": 2
    },
    {
      "self_ref": "#/texts/211",
      "parent": {
        "$ref": "#/groups/11"
      },
      "children": [],
      "content_layer": "body",
      "label": "list_item",
      "prov": [],
      "orig": "Type : Heat Reclaim Ventilator with DX-Coil",
      "text": "Type : Heat Reclaim Ventilator with DX-Coil",
      "enumerated": false,
      "marker": ""
    },
    {
      "self_ref": "#/texts/212",
      "parent": {
        "$ref": "#/groups/11"
      },
      "children": [],
      "content_layer": "body",
      "label": "list_item",
      "prov": [],
      "orig": "Ventilation : Class 1 Supply fresh air and Exhaust air",
      "text": "Ventilation : Class 1 Supply fresh air and Exhaust air",
      "enumerated": false,
      "marker": ""
    },
    {
      "self_ref": "#/texts/213",
      "parent": {
        "$ref": "#/texts/161"
      },
      "children": [
        {
          "$ref": "#/texts/214"
        },
        {
          "$ref": "#/texts/215"
        },
        {
          "$ref": "#/texts/216"
        },
        {
          "$ref": "#/texts/217"
        },
        {
          "$ref": "#/texts/218"
        },
        {
          "$ref": "#/texts/219"
        },
        {
          "$ref": "#/texts/220"
        },
        {
          "$ref": "#/texts/221"
        }
      ],
      "content_layer": "body",
      "label": "section_header",
      "prov": [],
      "orig": "Function",
      "text": "Function",
      "level": 2
    },
    {
      "self_ref": "#/texts/214",
      "parent": {
        "$ref": "#/texts/213"
      },
      "children": [],
      "content_layer": "body",
      "label": "text",
      "prov": [],
      "orig": "Treats outdoor air by cooling and dehumidifying before supplying it indoors.",
      "text": "Treats outdoor air by cooling and dehumidifying before supplying it indoors."
    },
    {
      "self_ref": "#/texts/215",
      "parent": {
        "$ref": "#/texts/213"
      },
      "children": [],
      "content_layer": "body",
      "label": "text",
      "prov": [],
      "orig": "In",
      "text": "In"
    },
    {
      "self_ref": "#/texts/216",
      "parent": {
        "$ref": "#/texts/213"
      },
      "children": [],
      "content_layer": "body",
      "label": "text",
      "prov": [],
      "orig": "addition to heat exchange with exhaust air, the system is equipped with a DX",
      "text": "addition to heat exchange with exhaust air, the system is equipped with a DX"
    },
    {
      "self_ref": "#/texts/217",
      "parent": {
        "$ref": "#/texts/213"
      },
      "children": [],
      "content_layer": "body",
      "label": "text",
      "prov": [],
      "orig": "coil that further cools and dehumidifies the incoming air, delivering",
      "text": "coil that further cools and dehumidifies the incoming air, delivering"
    },
    {
      "self_ref": "#/texts/218",
      "parent": {
        "$ref": "#/texts/213"
      },
      "children": [],
      "content_layer": "body",
      "label": "text",
      "prov": [],
      "orig": "low-temperature and low-humidity fresh air. This reduces the load on the air",
      "text": "low-temperature and low-humidity fresh air. This reduces the load on the air"
    },
    {
      "self_ref": "#/texts/219",
      "parent": {
        "$ref": "#/texts/213"
      },
      "children": [],
      "content_layer": "body",
      "label": "text",
      "prov": [],
      "orig": "conditioning unit and saves energy, while improving indoor air quality with",
      "text": "conditioning unit and saves energy, while improving indoor air quality with"
    },
    {
      "self_ref": "#/texts/220",
      "parent": {
        "$ref": "#/texts/213"
      },
      "children": [],
      "content_layer": "body",
      "label": "text",
      "prov": [],
      "orig": "fresh air at a controlled temperature and humidity.",
      "text": "fresh air at a controlled temperature and humidity."
    },
    {
      "self_ref": "#/texts/221",
      "parent": {
        "$ref": "#/texts/213"
      },
      "children": [],
      "content_layer": "body",
      "label": "text",
      "prov": [],
      "orig": "VIEW MORE",
      "text": "VIEW MORE",
      "hyperlink": "#"
    },
    {
      "self_ref": "#/texts/222",
      "parent": {
        "$ref": "#/texts/161"
      },
      "children": [
        {
          "$ref": "#/pictures/35"
        },
        {
          "$ref": "#/groups/12"
        }
      ],
      "content_layer": "body",
      "label": "section_header",
      "prov": [],
      "orig": "Outdoor Air Processing Unit (OAPU)",
      "text": "Outdoor Air Processing Unit (OAPU)",
      "level": 2
    },
    {
      "self_ref": "#/texts/223",
      "parent": {
        "$ref": "#/groups/12"
      },
      "children": [],
      "content_layer": "body",
      "label": "list_item",
      "prov": [],
      "orig": "Type : Outdoor Air Processing Unit (OAPU)",
      "text": "Type : Outdoor Air Processing Unit (OAPU)",
      "enumerated": false,
      "marker": ""
    },
    {
      "self_ref": "#/texts/224",
      "parent": {
        "$ref": "#/groups/12"
      },
      "children": [],
      "content_layer": "body",
      "label": "list_item",
      "prov": [],
      "orig": "Ventilation : Class 2 Supply fresh air only",
      "text": "Ventilation : Class 2 Supply fresh air only",
      "enumerated": false,
      "marker": ""
    },
    {
      "self_ref": "#/texts/225",
      "parent": {
        "$ref": "#/texts/161"
      },
      "children": [
        {
          "$ref": "#/texts/226"
        },
        {
          "$ref": "#/texts/227"
        },
        {
          "$ref": "#/texts/228"
        },
        {
          "$ref": "#/texts/229"
        },
        {
          "$ref": "#/texts/230"
        },
        {
          "$ref": "#/texts/231"
        },
        {
          "$ref": "#/texts/232"
        },
        {
          "$ref": "#/texts/233"
        },
        {
          "$ref": "#/texts/234"
        }
      ],
      "content_layer": "body",
      "label": "section_header",
      "prov": [],
      "orig": "Function",
      "text": "Function",
      "level": 2
    },
    {
      "self_ref": "#/texts/226",
      "parent": {
        "$ref": "#/texts/225"
      },
      "children": [],
      "content_layer": "body",
      "label": "text",
      "prov": [],
      "orig": "Delivers conditioned outdoor air into indoor spaces as a supply-only system,",
      "text": "Delivers conditioned outdoor air into indoor spaces as a supply-only system,"
    },
    {
      "self_ref": "#/texts/227",
      "parent": {
        "$ref": "#/texts/225"
      },
      "children": [],
      "content_layer": "body",
      "label": "text",
      "prov": [],
      "orig": "creating positive pressure that helps prevent dust and outdoor pollutants",
      "text": "creating positive pressure that helps prevent dust and outdoor pollutants"
    },
    {
      "self_ref": "#/texts/228",
      "parent": {
        "$ref": "#/texts/225"
      },
      "children": [],
      "content_layer": "body",
      "label": "text",
      "prov": [],
      "orig": "from",
      "text": "from"
    },
    {
      "self_ref": "#/texts/229",
      "parent": {
        "$ref": "#/texts/225"
      },
      "children": [],
      "content_layer": "body",
      "label": "text",
      "prov": [],
      "orig": "entering. Suitable for high-risk or sensitive areas, the unit is equipped",
      "text": "entering. Suitable for high-risk or sensitive areas, the unit is equipped"
    },
    {
      "self_ref": "#/texts/230",
      "parent": {
        "$ref": "#/texts/225"
      },
      "children": [],
      "content_layer": "body",
      "label": "text",
      "prov": [],
      "orig": "with a",
      "text": "with a"
    },
    {
      "self_ref": "#/texts/231",
      "parent": {
        "$ref": "#/texts/225"
      },
      "children": [],
      "content_layer": "body",
      "label": "text",
      "prov": [],
      "orig": "DX coil to provide low-temperature, low-humidity air for enhanced comfort",
      "text": "DX coil to provide low-temperature, low-humidity air for enhanced comfort"
    },
    {
      "self_ref": "#/texts/232",
      "parent": {
        "$ref": "#/texts/225"
      },
      "children": [],
      "content_layer": "body",
      "label": "text",
      "prov": [],
      "orig": "and",
      "text": "and"
    },
    {
      "self_ref": "#/texts/233",
      "parent": {
        "$ref": "#/texts/225"
      },
      "children": [],
      "content_layer": "body",
      "label": "text",
      "prov": [],
      "orig": "air quality.",
      "text": "air quality."
    },
    {
      "self_ref": "#/texts/234",
      "parent": {
        "$ref": "#/texts/225"
      },
      "children": [],
      "content_layer": "body",
      "label": "text",
      "prov": [],
      "orig": "VIEW MORE",
      "text": "VIEW MORE",
      "hyperlink": "#"
    },
    {
      "self_ref": "#/texts/235",
      "parent": {
        "$ref": "#/groups/1"
      },
      "children": [
        {
          "$ref": "#/texts/236"
        },
        {
          "$ref": "#/pictures/36"
        },
        {
          "$ref": "#/texts/237"
        },
        {
          "$ref": "#/pictures/37"
        },
        {
          "$ref": "#/texts/238"
        },
        {
          "$ref": "#/pictures/38"
        },
        {
          "$ref": "#/texts/239"
        },
        {
          "$ref": "#/pictures/39"
        },
        {
          "$ref": "#/texts/240"
        },
        {
          "$ref": "#/pictures/40"
        },
        {
          "$ref": "#/texts/241"
        },
        {
          "$ref": "#/texts/242"
        },
        {
          "$ref": "#/texts/243"
        },
        {
          "$ref": "#/texts/244"
        },
        {
          "$ref": "#/texts/245"
        }
      ],
      "content_layer": "body",
      "label": "section_header",
      "prov": [],
      "orig": "Conclusion",
      "text": "Conclusion",
      "level": 1
    },
    {
      "self_ref": "#/texts/236",
      "parent": {
        "$ref": "#/texts/235"
      },
      "children": [],
      "content_layer": "body",
      "label": "text",
      "prov": [],
      "orig": "Indoor environments today face the same recurring challenges:",
      "text": "Indoor environments today face the same recurring challenges:"
    },
    {
      "self_ref": "#/texts/237",
      "parent": {
        "$ref": "#/texts/235"
      },
      "children": [],
      "content_layer": "body",
      "label": "text",
      "prov": [],
      "orig": "rising CO₂ levels",
      "text": "rising CO₂ levels"
    },
    {
      "self_ref": "#/texts/238",
      "parent": {
        "$ref": "#/texts/235"
      },
      "children": [],
      "content_layer": "body",
      "label": "text",
      "prov": [],
      "orig": "outdoor pollution",
      "text": "outdoor pollution"
    },
    {
      "self_ref": "#/texts/239",
      "parent": {
        "$ref": "#/texts/235"
      },
      "children": [],
      "content_layer": "body",
      "label": "text",
      "prov": [],
      "orig": "TVOCs",
      "text": "TVOCs"
    },
    {
      "self_ref": "#/texts/240",
      "parent": {
        "$ref": "#/texts/235"
      },
      "children": [],
      "content_layer": "body",
      "label": "text",
      "prov": [],
      "orig": "humidity and mold growth",
      "text": "humidity and mold growth"
    },
    {
      "self_ref": "#/texts/241",
      "parent": {
        "$ref": "#/texts/235"
      },
      "children": [],
      "content_layer": "body",
      "label": "text",
      "prov": [],
      "orig": "the spread of viruses in crowded spaces.",
      "text": "the spread of viruses in crowded spaces."
    },
    {
      "self_ref": "#/texts/242",
      "parent": {
        "$ref": "#/texts/235"
      },
      "children": [],
      "content_layer": "body",
      "label": "text",
      "prov": [],
      "orig": "Uncontrolled air infiltration only worsens these problems by adding excess heat,",
      "text": "Uncontrolled air infiltration only worsens these problems by adding excess heat,"
    },
    {
      "self_ref": "#/texts/243",
      "parent": {
        "$ref": "#/texts/235"
      },
      "children": [],
      "content_layer": "body",
      "label": "text",
      "prov": [],
      "orig": "dust,",
      "text": "dust,"
    },
    {
      "self_ref": "#/texts/244",
      "parent": {
        "$ref": "#/texts/235"
      },
      "children": [],
      "content_layer": "body",
      "label": "text",
      "prov": [],
      "orig": "and",
      "text": "and"
    },
    {
      "self_ref": "#/texts/245",
      "parent": {
        "$ref": "#/texts/235"
      },
      "children": [],
      "content_layer": "body",
      "label": "text",
      "prov": [],
      "orig": "moisture, while increasing energy consumption.",
      "text": "moisture, while increasing energy consumption."
    },
    {
      "self_ref": "#/texts/246",
      "parent": {
        "$ref": "#/groups/1"
      },
      "children": [
        {
          "$ref": "#/texts/247"
        },
        {
          "$ref": "#/texts/248"
        },
        {
          "$ref": "#/texts/249"
        },
        {
          "$ref": "#/texts/250"
        },
        {
          "$ref": "#/texts/251"
        },
        {
          "$ref": "#/texts/252"
        },
        {
          "$ref": "#/texts/253"
        },
        {
          "$ref": "#/texts/254"
        },
        {
          "$ref": "#/texts/255"
        },
        {
          "$ref": "#/texts/256"
        },
        {
          "$ref": "#/texts/257"
        },
        {
          "$ref": "#/texts/258"
        },
        {
          "$ref": "#/texts/259"
        }
      ],
      "content_layer": "body",
      "label": "section_header",
      "prov": [],
      "orig": "Our Product Solutions",
      "text": "Our Product Solutions",
      "level": 1
    },
    {
      "self_ref": "#/texts/247",
      "parent": {
        "$ref": "#/texts/246"
      },
      "children": [],
      "content_layer": "body",
      "label": "text",
      "prov": [],
      "orig": "Daikin provides comprehensive ventilation and air treatment solutions designed to",
      "text": "Daikin provides comprehensive ventilation and air treatment solutions designed to"
    },
    {
      "self_ref": "#/texts/248",
      "parent": {
        "$ref": "#/texts/246"
      },
      "children": [],
      "content_layer": "body",
      "label": "text",
      "prov": [],
      "orig": "address",
      "text": "address"
    },
    {
      "self_ref": "#/texts/249",
      "parent": {
        "$ref": "#/texts/246"
      },
      "children": [],
      "content_layer": "body",
      "label": "text",
      "prov": [],
      "orig": "these",
      "text": "these"
    },
    {
      "self_ref": "#/texts/250",
      "parent": {
        "$ref": "#/texts/246"
      },
      "children": [],
      "content_layer": "body",
      "label": "text",
      "prov": [],
      "orig": "issues. By carefully filtering, cleaning, and conditioning outdoor air before it",
      "text": "issues. By carefully filtering, cleaning, and conditioning outdoor air before it"
    },
    {
      "self_ref": "#/texts/251",
      "parent": {
        "$ref": "#/texts/246"
      },
      "children": [],
      "content_layer": "body",
      "label": "text",
      "prov": [],
      "orig": "enters",
      "text": "enters"
    },
    {
      "self_ref": "#/texts/252",
      "parent": {
        "$ref": "#/texts/246"
      },
      "children": [],
      "content_layer": "body",
      "label": "text",
      "prov": [],
      "orig": "the",
      "text": "the"
    },
    {
      "self_ref": "#/texts/253",
      "parent": {
        "$ref": "#/texts/246"
      },
      "children": [],
      "content_layer": "body",
      "label": "text",
      "prov": [],
      "orig": "building, our systems ensure healthier indoor air quality, balanced humidity, and",
      "text": "building, our systems ensure healthier indoor air quality, balanced humidity, and"
    },
    {
      "self_ref": "#/texts/254",
      "parent": {
        "$ref": "#/texts/246"
      },
      "children": [],
      "content_layer": "body",
      "label": "text",
      "prov": [],
      "orig": "improved",
      "text": "improved"
    },
    {
      "self_ref": "#/texts/255",
      "parent": {
        "$ref": "#/texts/246"
      },
      "children": [],
      "content_layer": "body",
      "label": "text",
      "prov": [],
      "orig": "comfort. At the same time, energy efficiency is maintained, creating safe,",
      "text": "comfort. At the same time, energy efficiency is maintained, creating safe,"
    },
    {
      "self_ref": "#/texts/256",
      "parent": {
        "$ref": "#/texts/246"
      },
      "children": [],
      "content_layer": "body",
      "label": "text",
      "prov": [],
      "orig": "sustainable,",
      "text": "sustainable,"
    },
    {
      "self_ref": "#/texts/257",
      "parent": {
        "$ref": "#/texts/246"
      },
      "children": [],
      "content_layer": "body",
      "label": "text",
      "prov": [],
      "orig": "and",
      "text": "and"
    },
    {
      "self_ref": "#/texts/258",
      "parent": {
        "$ref": "#/texts/246"
      },
      "children": [],
      "content_layer": "body",
      "label": "text",
      "prov": [],
      "orig": "productive environments for learning, working, and living.",
      "text": "productive environments for learning, working, and living."
    },
    {
      "self_ref": "#/texts/259",
      "parent": {
        "$ref": "#/texts/246"
      },
      "children": [
        {
          "$ref": "#/groups/13"
        },
        {
          "$ref": "#/texts/262"
        },
        {
          "$ref": "#/texts/263"
        },
        {
          "$ref": "#/groups/14"
        },
        {
          "$ref": "#/groups/15"
        },
        {
          "$ref": "#/texts/273"
        },
        {
          "$ref": "#/groups/16"
        }
      ],
      "content_layer": "body",
      "label": "section_header",
      "prov": [],
      "orig": "What is ASHRAE 55?",
      "text": "What is ASHRAE 55?",
      "level": 2
    },
    {
      "self_ref": "#/texts/260",
      "parent": {
        "$ref": "#/groups/13"
      },
      "children": [],
      "content_layer": "body",
      "label": "text",
      "prov": [],
      "orig": "ASHRAE Standard 55",
      "text": "ASHRAE Standard 55",
      "formatting": {
        "bold": true,
        "italic": false,
        "underline": false,
        "strikethrough": false,
        "script": "baseline"
      }
    },
    {
      "self_ref": "#/texts/261",
      "parent": {
        "$ref": "#/groups/13"
      },
      "children": [],
      "content_layer": "body",
      "label": "text",
      "prov": [],
      "orig": "is an international guideline that defines the environmental conditions required to achieve thermal comfort for most occupants in a building.",
      "text": "is an international guideline that defines the environmental conditions required to achieve thermal comfort for most occupants in a building."
    },
    {
      "self_ref": "#/texts/262",
      "parent": {
        "$ref": "#/texts/259"
      },
      "children": [],
      "content_layer": "body",
      "label": "text",
      "prov": [],
      "orig": "Thermal comfort refers to a state in which people feel neither too hot nor too cold, allowing them to work, rest, and move comfortably indoors.",
      "text": "Thermal comfort refers to a state in which people feel neither too hot nor too cold, allowing them to work, rest, and move comfortably indoors."
    },
    {
      "self_ref": "#/texts/263",
      "parent": {
        "$ref": "#/texts/259"
      },
      "children": [],
      "content_layer": "body",
      "label": "text",
      "prov": [],
      "orig": "The standard evaluates comfort based on several factors, including:",
      "text": "The standard evaluates comfort based on several factors, including:"
    },
    {
      "self_ref": "#/texts/264",
      "parent": {
        "$ref": "#/groups/14"
      },
      "children": [],
      "content_layer": "body",
      "label": "list_item",
      "prov": [],
      "orig": "Air temperature",
      "text": "Air temperature",
      "enumerated": false,
      "marker": ""
    },
    {
      "self_ref": "#/texts/265",
      "parent": {
        "$ref": "#/groups/14"
      },
      "children": [],
      "content_layer": "body",
      "label": "list_item",
      "prov": [],
      "orig": "Relative humidity",
      "text": "Relative humidity",
      "enumerated": false,
      "marker": ""
    },
    {
      "self_ref": "#/texts/266",
      "parent": {
        "$ref": "#/groups/14"
      },
      "children": [],
      "content_layer": "body",
      "label": "list_item",
      "prov": [],
      "orig": "Air movement",
      "text": "Air movement",
      "enumerated": false,
      "marker": ""
    },
    {
      "self_ref": "#/texts/267",
      "parent": {
        "$ref": "#/groups/14"
      },
      "children": [],
      "content_layer": "body",
      "label": "list_item",
      "prov": [],
      "orig": "Radiant temperature (heat from surrounding surfaces)",
      "text": "Radiant temperature (heat from surrounding surfaces)",
      "enumerated": false,
      "marker": ""
    },
    {
      "self_ref": "#/texts/268",
      "parent": {
        "$ref": "#/groups/14"
      },
      "children": [],
      "content_layer": "body",
      "label": "list_item",
      "prov": [],
      "orig": "Clothing level",
      "text": "Clothing level",
      "enumerated": false,
      "marker": ""
    },
    {
      "self_ref": "#/texts/269",
      "parent": {
        "$ref": "#/groups/14"
      },
      "children": [],
      "content_layer": "body",
      "label": "list_item",
      "prov": [],
      "orig": "Metabolic rate (activity level)",
      "text": "Metabolic rate (activity level)",
      "enumerated": false,
      "marker": ""
    },
    {
      "self_ref": "#/texts/270",
      "parent": {
        "$ref": "#/groups/15"
      },
      "children": [],
      "content_layer": "body",
      "label": "text",
      "prov": [],
      "orig": "ASHRAE 55 also introduces the concept of a",
      "text": "ASHRAE 55 also introduces the concept of a"
    },
    {
      "self_ref": "#/texts/271",
      "parent": {
        "$ref": "#/groups/15"
      },
      "children": [],
      "content_layer": "body",
      "label": "text",
      "prov": [],
      "orig": "comfort zone",
      "text": "comfort zone",
      "formatting": {
        "bold": true,
        "italic": false,
        "underline": false,
        "strikethrough": false,
        "script": "baseline"
      }
    },
    {
      "self_ref": "#/texts/272",
      "parent": {
        "$ref": "#/groups/15"
      },
      "children": [],
      "content_layer": "body",
      "label": "text",
      "prov": [],
      "orig": ", which is a range of indoor conditions where the majority of occupants feel thermally comfortable.",
      "text": ", which is a range of indoor conditions where the majority of occupants feel thermally comfortable."
    },
    {
      "self_ref": "#/texts/273",
      "parent": {
        "$ref": "#/texts/259"
      },
      "children": [],
      "content_layer": "body",
      "label": "text",
      "prov": [],
      "orig": "Maintaining conditions within this zone helps avoid unnecessary over-cooling or overheating, enhances occupant satisfaction, and supports more energy-efficient building operation.",
      "text": "Maintaining conditions within this zone helps avoid unnecessary over-cooling or overheating, enhances occupant satisfaction, and supports more energy-efficient building operation."
    }
  ]
}